timeStamp,elapsed,label,responseCode,responseMessage,threadName,dataType,success,failureMessage,bytes,sentBytes,grpThreads,allThreads,URL,Latency,IdleTime,Connect
1665562110040,931,Conf#1 Request,200,OK,Conf#1 1-1,text,true,,231,156,116,116,http://localhost:8080/?token=468606778&user=2023800600&conf=1,931,0,1
1665562110050,1846,Conf#1 Request,200,OK,Conf#1 1-2,text,true,,231,156,231,231,http://localhost:8080/?token=468606778&user=2023800600&conf=1,1846,0,1
1665562110058,3023,Conf#1 Request,200,OK,Conf#1 1-3,text,true,,231,156,248,248,http://localhost:8080/?token=468606778&user=2023800600&conf=1,3023,0,0
1665562110078,3003,Conf#1 Request,200,OK,Conf#1 1-5,text,true,,231,156,248,248,http://localhost:8080/?token=468606778&user=2023800600&conf=1,3003,0,0
1665562110086,2995,Conf#1 Request,200,OK,Conf#1 1-6,text,true,,231,156,248,248,http://localhost:8080/?token=468606778&user=2023800600&conf=1,2995,0,0
1665562110094,2987,Conf#1 Request,200,OK,Conf#1 1-7,text,true,,231,156,248,248,http://localhost:8080/?token=468606778&user=2023800600&conf=1,2987,0,0
1665562110100,2981,Conf#1 Request,200,OK,Conf#1 1-8,text,true,,231,156,248,248,http://localhost:8080/?token=468606778&user=2023800600&conf=1,2981,0,0
1665562110110,2971,Conf#1 Request,200,OK,Conf#1 1-9,text,true,,231,156,246,246,http://localhost:8080/?token=468606778&user=2023800600&conf=1,2971,0,0
1665562110113,2969,Conf#1 Request,200,OK,Conf#1 1-10,text,true,,231,156,246,246,http://localhost:8080/?token=468606778&user=2023800600&conf=1,2969,0,1
1665562110125,2957,Conf#1 Request,200,OK,Conf#1 1-11,text,true,,231,156,246,246,http://localhost:8080/?token=468606778&user=2023800600&conf=1,2957,0,1
1665562110130,2952,Conf#1 Request,200,OK,Conf#1 1-12,text,true,,231,156,246,246,http://localhost:8080/?token=468606778&user=2023800600&conf=1,2952,0,1
1665562110142,2940,Conf#1 Request,200,OK,Conf#1 1-13,text,true,,231,156,244,244,http://localhost:8080/?token=468606778&user=2023800600&conf=1,2940,0,0
1665562110150,2932,Conf#1 Request,200,OK,Conf#1 1-14,text,true,,231,156,242,242,http://localhost:8080/?token=468606778&user=2023800600&conf=1,2932,0,0
1665562110157,2925,Conf#1 Request,200,OK,Conf#1 1-15,text,true,,231,156,242,242,http://localhost:8080/?token=468606778&user=2023800600&conf=1,2925,0,1
1665562110162,2920,Conf#1 Request,200,OK,Conf#1 1-16,text,true,,231,156,242,242,http://localhost:8080/?token=468606778&user=2023800600&conf=1,2920,0,1
1665562110173,2909,Conf#1 Request,200,OK,Conf#1 1-17,text,true,,231,156,242,242,http://localhost:8080/?token=468606778&user=2023800600&conf=1,2909,0,0
1665562110181,2901,Conf#1 Request,200,OK,Conf#1 1-18,text,true,,231,156,241,241,http://localhost:8080/?token=468606778&user=2023800600&conf=1,2901,0,1
1665562110189,2893,Conf#1 Request,200,OK,Conf#1 1-19,text,true,,231,156,239,239,http://localhost:8080/?token=468606778&user=2023800600&conf=1,2893,0,0
1665562110197,2886,Conf#1 Request,200,OK,Conf#1 1-20,text,true,,231,156,239,239,http://localhost:8080/?token=468606778&user=2023800600&conf=1,2886,0,1
1665562110205,2878,Conf#1 Request,200,OK,Conf#1 1-21,text,true,,231,156,239,239,http://localhost:8080/?token=468606778&user=2023800600&conf=1,2878,0,1
1665562110214,2869,Conf#1 Request,200,OK,Conf#1 1-22,text,true,,231,156,238,238,http://localhost:8080/?token=468606778&user=2023800600&conf=1,2869,0,0
1665562110222,2861,Conf#1 Request,200,OK,Conf#1 1-23,text,true,,231,156,238,238,http://localhost:8080/?token=468606778&user=2023800600&conf=1,2861,0,0
1665562110230,2853,Conf#1 Request,200,OK,Conf#1 1-24,text,true,,231,156,236,236,http://localhost:8080/?token=468606778&user=2023800600&conf=1,2853,0,0
1665562110246,2837,Conf#1 Request,200,OK,Conf#1 1-26,text,true,,231,156,236,236,http://localhost:8080/?token=468606778&user=2023800600&conf=1,2837,0,0
1665562110254,2829,Conf#1 Request,200,OK,Conf#1 1-27,text,true,,231,156,235,235,http://localhost:8080/?token=468606778&user=2023800600&conf=1,2829,0,0
1665562110238,2845,Conf#1 Request,200,OK,Conf#1 1-25,text,true,,231,156,236,236,http://localhost:8080/?token=468606778&user=2023800600&conf=1,2845,0,0
1665562110262,2821,Conf#1 Request,200,OK,Conf#1 1-28,text,true,,231,156,233,233,http://localhost:8080/?token=468606778&user=2023800600&conf=1,2821,0,0
1665562110270,2813,Conf#1 Request,200,OK,Conf#1 1-29,text,true,,231,156,233,233,http://localhost:8080/?token=468606778&user=2023800600&conf=1,2813,0,0
1665562110278,2805,Conf#1 Request,200,OK,Conf#1 1-30,text,true,,231,156,233,233,http://localhost:8080/?token=468606778&user=2023800600&conf=1,2805,0,0
1665562110281,2802,Conf#1 Request,200,OK,Conf#1 1-31,text,true,,231,156,232,232,http://localhost:8080/?token=468606778&user=2023800600&conf=1,2802,0,0
1665562110293,2790,Conf#1 Request,200,OK,Conf#1 1-32,text,true,,231,156,232,232,http://localhost:8080/?token=468606778&user=2023800600&conf=1,2790,0,0
1665562110068,3013,Conf#1 Request,200,OK,Conf#1 1-4,text,true,,231,156,248,248,http://localhost:8080/?token=468606778&user=2023800600&conf=1,3013,0,1
1665562110301,2783,Conf#1 Request,200,OK,Conf#1 1-33,text,true,,231,156,228,228,http://localhost:8080/?token=468606778&user=2023800600&conf=1,2783,0,1
1665562110309,2775,Conf#1 Request,200,OK,Conf#1 1-34,text,true,,231,156,228,228,http://localhost:8080/?token=468606778&user=2023800600&conf=1,2775,0,1
1665562110317,2767,Conf#1 Request,200,OK,Conf#1 1-35,text,true,,231,156,228,228,http://localhost:8080/?token=468606778&user=2023800600&conf=1,2767,0,1
1665562110334,2750,Conf#1 Request,200,OK,Conf#1 1-37,text,true,,231,156,226,226,http://localhost:8080/?token=468606778&user=2023800600&conf=1,2750,0,0
1665562110323,2761,Conf#1 Request,200,OK,Conf#1 1-36,text,true,,231,156,226,226,http://localhost:8080/?token=468606778&user=2023800600&conf=1,2761,0,0
1665562110342,2742,Conf#1 Request,200,OK,Conf#1 1-38,text,true,,231,156,226,226,http://localhost:8080/?token=468606778&user=2023800600&conf=1,2742,0,0
1665562110350,2734,Conf#1 Request,200,OK,Conf#1 1-39,text,true,,231,156,226,226,http://localhost:8080/?token=468606778&user=2023800600&conf=1,2734,0,0
1665562110358,2726,Conf#1 Request,200,OK,Conf#1 1-40,text,true,,231,156,226,226,http://localhost:8080/?token=468606778&user=2023800600&conf=1,2726,0,0
1665562110366,2718,Conf#1 Request,200,OK,Conf#1 1-41,text,true,,231,156,224,224,http://localhost:8080/?token=468606778&user=2023800600&conf=1,2718,0,0
1665562110369,2715,Conf#1 Request,200,OK,Conf#1 1-42,text,true,,231,156,223,223,http://localhost:8080/?token=468606778&user=2023800600&conf=1,2715,0,0
1665562110379,2705,Conf#1 Request,200,OK,Conf#1 1-43,text,true,,231,156,221,221,http://localhost:8080/?token=468606778&user=2023800600&conf=1,2705,0,0
1665562110390,2694,Conf#1 Request,200,OK,Conf#1 1-44,text,true,,231,156,221,221,http://localhost:8080/?token=468606778&user=2023800600&conf=1,2694,0,0
1665562110397,2687,Conf#1 Request,200,OK,Conf#1 1-45,text,true,,231,156,221,221,http://localhost:8080/?token=468606778&user=2023800600&conf=1,2687,0,0
1665562110406,2678,Conf#1 Request,200,OK,Conf#1 1-46,text,true,,231,156,221,221,http://localhost:8080/?token=468606778&user=2023800600&conf=1,2678,0,0
1665562110412,2672,Conf#1 Request,200,OK,Conf#1 1-47,text,true,,231,156,221,221,http://localhost:8080/?token=468606778&user=2023800600&conf=1,2672,0,0
1665562110422,2662,Conf#1 Request,200,OK,Conf#1 1-48,text,true,,231,156,221,220,http://localhost:8080/?token=468606778&user=2023800600&conf=1,2662,0,0
1665562110429,2656,Conf#1 Request,200,OK,Conf#1 1-49,text,true,,231,156,219,219,http://localhost:8080/?token=468606778&user=2023800600&conf=1,2656,0,0
1665562110434,2651,Conf#1 Request,200,OK,Conf#1 1-50,text,true,,231,156,219,219,http://localhost:8080/?token=468606778&user=2023800600&conf=1,2651,0,0
1665562110445,2640,Conf#1 Request,200,OK,Conf#1 1-51,text,true,,231,156,218,218,http://localhost:8080/?token=468606778&user=2023800600&conf=1,2640,0,0
1665562110453,2632,Conf#1 Request,200,OK,Conf#1 1-52,text,true,,231,156,218,218,http://localhost:8080/?token=468606778&user=2023800600&conf=1,2632,0,0
1665562110461,2624,Conf#1 Request,200,OK,Conf#1 1-53,text,true,,231,156,217,217,http://localhost:8080/?token=468606778&user=2023800600&conf=1,2624,0,1
1665562110469,2616,Conf#1 Request,200,OK,Conf#1 1-54,text,true,,231,156,216,216,http://localhost:8080/?token=468606778&user=2023800600&conf=1,2616,0,1
1665562110477,2608,Conf#1 Request,200,OK,Conf#1 1-55,text,true,,231,156,216,216,http://localhost:8080/?token=468606778&user=2023800600&conf=1,2608,0,1
1665562110486,2601,Conf#1 Request,200,OK,Conf#1 1-56,text,true,,231,156,195,195,http://localhost:8080/?token=468606778&user=2023800600&conf=1,2601,0,0
1665562110493,2594,Conf#1 Request,200,OK,Conf#1 1-57,text,true,,231,156,195,195,http://localhost:8080/?token=468606778&user=2023800600&conf=1,2594,0,1
1665562110502,2585,Conf#1 Request,200,OK,Conf#1 1-58,text,true,,231,156,195,195,http://localhost:8080/?token=468606778&user=2023800600&conf=1,2585,0,0
1665562110510,2577,Conf#1 Request,200,OK,Conf#1 1-59,text,true,,231,156,195,195,http://localhost:8080/?token=468606778&user=2023800600&conf=1,2577,0,0
1665562110515,2572,Conf#1 Request,200,OK,Conf#1 1-60,text,true,,231,156,194,194,http://localhost:8080/?token=468606778&user=2023800600&conf=1,2572,0,0
1665562110526,2561,Conf#1 Request,200,OK,Conf#1 1-61,text,true,,231,156,192,192,http://localhost:8080/?token=468606778&user=2023800600&conf=1,2561,0,0
1665562110531,2556,Conf#1 Request,200,OK,Conf#1 1-62,text,true,,231,156,192,192,http://localhost:8080/?token=468606778&user=2023800600&conf=1,2556,0,1
1665562110542,2545,Conf#1 Request,200,OK,Conf#1 1-63,text,true,,231,156,192,192,http://localhost:8080/?token=468606778&user=2023800600&conf=1,2545,0,0
1665562110550,2537,Conf#1 Request,200,OK,Conf#1 1-64,text,true,,231,156,192,192,http://localhost:8080/?token=468606778&user=2023800600&conf=1,2537,0,0
1665562110554,2533,Conf#1 Request,200,OK,Conf#1 1-65,text,true,,231,156,192,192,http://localhost:8080/?token=468606778&user=2023800600&conf=1,2533,0,0
1665562110564,2523,Conf#1 Request,200,OK,Conf#1 1-66,text,true,,231,156,190,190,http://localhost:8080/?token=468606778&user=2023800600&conf=1,2523,0,1
1665562110569,2518,Conf#1 Request,200,OK,Conf#1 1-67,text,true,,231,156,190,190,http://localhost:8080/?token=468606778&user=2023800600&conf=1,2518,0,1
1665562110576,2511,Conf#1 Request,200,OK,Conf#1 1-68,text,true,,231,156,190,190,http://localhost:8080/?token=468606778&user=2023800600&conf=1,2511,0,1
1665562110589,2499,Conf#1 Request,200,OK,Conf#1 1-69,text,true,,231,156,189,189,http://localhost:8080/?token=468606778&user=2023800600&conf=1,2499,0,1
1665562110613,2476,Conf#1 Request,200,OK,Conf#1 1-72,text,true,,231,156,181,181,http://localhost:8080/?token=468606778&user=2023800600&conf=1,2476,0,1
1665562110622,2467,Conf#1 Request,200,OK,Conf#1 1-73,text,true,,231,156,181,181,http://localhost:8080/?token=468606778&user=2023800600&conf=1,2467,0,0
1665562110597,2492,Conf#1 Request,200,OK,Conf#1 1-70,text,true,,231,156,181,181,http://localhost:8080/?token=468606778&user=2023800600&conf=1,2492,0,1
1665562110630,2459,Conf#1 Request,200,OK,Conf#1 1-74,text,true,,231,156,181,181,http://localhost:8080/?token=468606778&user=2023800600&conf=1,2459,0,0
1665562110638,2451,Conf#1 Request,200,OK,Conf#1 1-75,text,true,,231,156,181,181,http://localhost:8080/?token=468606778&user=2023800600&conf=1,2451,0,0
1665562110605,2484,Conf#1 Request,200,OK,Conf#1 1-71,text,true,,231,156,181,181,http://localhost:8080/?token=468606778&user=2023800600&conf=1,2484,0,1
1665562110646,2443,Conf#1 Request,200,OK,Conf#1 1-76,text,true,,231,156,181,181,http://localhost:8080/?token=468606778&user=2023800600&conf=1,2443,0,0
1665562110662,2427,Conf#1 Request,200,OK,Conf#1 1-78,text,true,,231,156,181,181,http://localhost:8080/?token=468606778&user=2023800600&conf=1,2427,0,0
1665562110654,2435,Conf#1 Request,200,OK,Conf#1 1-77,text,true,,231,156,181,181,http://localhost:8080/?token=468606778&user=2023800600&conf=1,2435,0,0
1665562110670,2419,Conf#1 Request,200,OK,Conf#1 1-79,text,true,,231,156,180,180,http://localhost:8080/?token=468606778&user=2023800600&conf=1,2419,0,0
1665562110686,2403,Conf#1 Request,200,OK,Conf#1 1-81,text,true,,231,156,179,179,http://localhost:8080/?token=468606778&user=2023800600&conf=1,2403,0,0
1665562110678,2411,Conf#1 Request,200,OK,Conf#1 1-80,text,true,,231,156,179,179,http://localhost:8080/?token=468606778&user=2023800600&conf=1,2411,0,0
1665562110694,2395,Conf#1 Request,200,OK,Conf#1 1-82,text,true,,231,156,179,179,http://localhost:8080/?token=468606778&user=2023800600&conf=1,2395,0,0
1665562110702,2387,Conf#1 Request,200,OK,Conf#1 1-83,text,true,,231,156,177,177,http://localhost:8080/?token=468606778&user=2023800600&conf=1,2387,0,0
1665562110707,6879,Conf#1 Request,200,OK,Conf#1 1-84,text,true,,231,156,167,167,http://localhost:8080/?token=468606778&user=2023800600&conf=1,6879,0,1
1665562110725,6919,Conf#1 Request,200,OK,Conf#1 1-86,text,true,,231,156,166,166,http://localhost:8080/?token=468606778&user=2023800600&conf=1,6919,0,0
1665562110733,6911,Conf#1 Request,200,OK,Conf#1 1-87,text,true,,231,156,166,166,http://localhost:8080/?token=468606778&user=2023800600&conf=1,6911,0,1
1665562110749,6895,Conf#1 Request,200,OK,Conf#1 1-89,text,true,,231,156,166,166,http://localhost:8080/?token=468606778&user=2023800600&conf=1,6895,0,1
1665562110757,6887,Conf#1 Request,200,OK,Conf#1 1-90,text,true,,231,156,166,166,http://localhost:8080/?token=468606778&user=2023800600&conf=1,6887,0,1
1665562110741,6903,Conf#1 Request,200,OK,Conf#1 1-88,text,true,,231,156,166,166,http://localhost:8080/?token=468606778&user=2023800600&conf=1,6903,0,1
1665562110717,6927,Conf#1 Request,200,OK,Conf#1 1-85,text,true,,231,156,166,166,http://localhost:8080/?token=468606778&user=2023800600&conf=1,6927,0,0
1665562110982,6663,Conf#1 Request,200,OK,Conf#1 1-118,text,true,,231,156,160,160,http://localhost:8080/?token=468606778&user=2023800600&conf=1,6663,0,0
1665562110766,6879,Conf#1 Request,200,OK,Conf#1 1-91,text,true,,231,156,159,159,http://localhost:8080/?token=468606778&user=2023800600&conf=1,6879,0,0
1665562110774,6872,Conf#1 Request,200,OK,Conf#1 1-92,text,true,,231,156,159,159,http://localhost:8080/?token=468606778&user=2023800600&conf=1,6872,0,0
1665562110779,6867,Conf#1 Request,200,OK,Conf#1 1-93,text,true,,231,156,159,159,http://localhost:8080/?token=468606778&user=2023800600&conf=1,6867,0,0
1665562110790,6856,Conf#1 Request,200,OK,Conf#1 1-94,text,true,,231,156,159,159,http://localhost:8080/?token=468606778&user=2023800600&conf=1,6856,0,0
1665562110798,6848,Conf#1 Request,200,OK,Conf#1 1-95,text,true,,231,156,158,158,http://localhost:8080/?token=468606778&user=2023800600&conf=1,6848,0,0
1665562110806,6840,Conf#1 Request,200,OK,Conf#1 1-96,text,true,,231,156,157,157,http://localhost:8080/?token=468606778&user=2023800600&conf=1,6840,0,0
1665562110814,6832,Conf#1 Request,200,OK,Conf#1 1-97,text,true,,231,156,156,156,http://localhost:8080/?token=468606778&user=2023800600&conf=1,6832,0,0
1665562110820,6826,Conf#1 Request,200,OK,Conf#1 1-98,text,true,,231,156,154,154,http://localhost:8080/?token=468606778&user=2023800600&conf=1,6826,0,1
1665562110830,6816,Conf#1 Request,200,OK,Conf#1 1-99,text,true,,231,156,154,154,http://localhost:8080/?token=468606778&user=2023800600&conf=1,6816,0,1
1665562110838,6808,Conf#1 Request,200,OK,Conf#1 1-100,text,true,,231,156,153,153,http://localhost:8080/?token=468606778&user=2023800600&conf=1,6808,0,0
1665562110846,6800,Conf#1 Request,200,OK,Conf#1 1-101,text,true,,231,156,152,152,http://localhost:8080/?token=468606778&user=2023800600&conf=1,6800,0,0
1665562110854,6793,Conf#1 Request,200,OK,Conf#1 1-102,text,true,,231,156,151,151,http://localhost:8080/?token=468606778&user=2023800600&conf=1,6793,0,1
1665562110861,6786,Conf#1 Request,200,OK,Conf#1 1-103,text,true,,231,156,151,151,http://localhost:8080/?token=468606778&user=2023800600&conf=1,6786,0,0
1665562110869,6778,Conf#1 Request,200,OK,Conf#1 1-104,text,true,,231,156,151,151,http://localhost:8080/?token=468606778&user=2023800600&conf=1,6778,0,1
1665562110885,6762,Conf#1 Request,200,OK,Conf#1 1-106,text,true,,231,156,150,150,http://localhost:8080/?token=468606778&user=2023800600&conf=1,6762,0,1
1665562110877,6770,Conf#1 Request,200,OK,Conf#1 1-105,text,true,,231,156,150,150,http://localhost:8080/?token=468606778&user=2023800600&conf=1,6770,0,1
1665562110893,6754,Conf#1 Request,200,OK,Conf#1 1-107,text,true,,231,156,148,148,http://localhost:8080/?token=468606778&user=2023800600&conf=1,6754,0,1
1665562111005,6643,Conf#1 Request,200,OK,Conf#1 1-121,text,true,,231,156,147,147,http://localhost:8080/?token=468606778&user=2023800600&conf=1,6643,0,0
1665562111013,6635,Conf#1 Request,200,OK,Conf#1 1-122,text,true,,231,156,147,147,http://localhost:8080/?token=468606778&user=2023800600&conf=1,6635,0,0
1665562110997,6650,Conf#1 Request,200,OK,Conf#1 1-120,text,true,,231,156,148,148,http://localhost:8080/?token=468606778&user=2023800600&conf=1,6650,0,0
1665562110990,6657,Conf#1 Request,200,OK,Conf#1 1-119,text,true,,231,156,148,148,http://localhost:8080/?token=468606778&user=2023800600&conf=1,6657,0,0
1665562110901,6746,Conf#1 Request,200,OK,Conf#1 1-108,text,true,,231,156,148,148,http://localhost:8080/?token=468606778&user=2023800600&conf=1,6746,0,1
1665562110974,6673,Conf#1 Request,200,OK,Conf#1 1-117,text,true,,231,156,148,148,http://localhost:8080/?token=468606778&user=2023800600&conf=1,6673,0,0
1665562110962,6685,Conf#1 Request,200,OK,Conf#1 1-116,text,true,,231,156,148,148,http://localhost:8080/?token=468606778&user=2023800600&conf=1,6685,0,0
1665562110958,6689,Conf#1 Request,200,OK,Conf#1 1-115,text,true,,231,156,148,148,http://localhost:8080/?token=468606778&user=2023800600&conf=1,6689,0,0
1665562110950,6697,Conf#1 Request,200,OK,Conf#1 1-114,text,true,,231,156,148,148,http://localhost:8080/?token=468606778&user=2023800600&conf=1,6697,0,0
1665562110942,6705,Conf#1 Request,200,OK,Conf#1 1-113,text,true,,231,156,148,148,http://localhost:8080/?token=468606778&user=2023800600&conf=1,6705,0,0
1665562110925,6722,Conf#1 Request,200,OK,Conf#1 1-111,text,true,,231,156,148,148,http://localhost:8080/?token=468606778&user=2023800600&conf=1,6722,0,1
1665562110933,6714,Conf#1 Request,200,OK,Conf#1 1-112,text,true,,231,156,148,148,http://localhost:8080/?token=468606778&user=2023800600&conf=1,6714,0,1
1665562110917,6730,Conf#1 Request,200,OK,Conf#1 1-110,text,true,,231,156,148,148,http://localhost:8080/?token=468606778&user=2023800600&conf=1,6730,0,1
1665562110910,6737,Conf#1 Request,200,OK,Conf#1 1-109,text,true,,231,156,148,148,http://localhost:8080/?token=468606778&user=2023800600&conf=1,6737,0,0
1665562111037,6613,Conf#1 Request,200,OK,Conf#1 1-125,text,true,,231,156,128,128,http://localhost:8080/?token=468606778&user=2023800600&conf=1,6613,0,0
1665562111029,6621,Conf#1 Request,200,OK,Conf#1 1-124,text,true,,231,156,128,128,http://localhost:8080/?token=468606778&user=2023800600&conf=1,6621,0,0
1665562111045,6605,Conf#1 Request,200,OK,Conf#1 1-126,text,true,,231,156,128,128,http://localhost:8080/?token=468606778&user=2023800600&conf=1,6605,0,0
1665562111058,6592,Conf#1 Request,200,OK,Conf#1 1-128,text,true,,231,156,126,126,http://localhost:8080/?token=468606778&user=2023800600&conf=1,6592,0,0
1665562111052,6598,Conf#1 Request,200,OK,Conf#1 1-127,text,true,,231,156,126,126,http://localhost:8080/?token=468606778&user=2023800600&conf=1,6598,0,1
1665562111068,6582,Conf#1 Request,200,OK,Conf#1 1-129,text,true,,231,156,126,126,http://localhost:8080/?token=468606778&user=2023800600&conf=1,6582,0,0
1665562111077,6573,Conf#1 Request,200,OK,Conf#1 1-130,text,true,,231,156,125,125,http://localhost:8080/?token=468606778&user=2023800600&conf=1,6573,0,1
1665562111086,6565,Conf#1 Request,200,OK,Conf#1 1-131,text,true,,231,156,124,124,http://localhost:8080/?token=468606778&user=2023800600&conf=1,6565,0,0
1665562111090,6561,Conf#1 Request,200,OK,Conf#1 1-132,text,true,,231,156,124,124,http://localhost:8080/?token=468606778&user=2023800600&conf=1,6561,0,0
1665562111101,6550,Conf#1 Request,200,OK,Conf#1 1-133,text,true,,231,156,124,124,http://localhost:8080/?token=468606778&user=2023800600&conf=1,6550,0,1
1665562111110,6541,Conf#1 Request,200,OK,Conf#1 1-134,text,true,,231,156,123,123,http://localhost:8080/?token=468606778&user=2023800600&conf=1,6541,0,0
1665562111127,6524,Conf#1 Request,200,OK,Conf#1 1-136,text,true,,231,156,121,121,http://localhost:8080/?token=468606778&user=2023800600&conf=1,6524,0,0
1665562111117,6534,Conf#1 Request,200,OK,Conf#1 1-135,text,true,,231,156,121,121,http://localhost:8080/?token=468606778&user=2023800600&conf=1,6534,0,1
1665562111021,6629,Conf#1 Request,200,OK,Conf#1 1-123,text,true,,231,156,128,128,http://localhost:8080/?token=468606778&user=2023800600&conf=1,6629,0,1
1665562111133,6518,Conf#1 Request,200,OK,Conf#1 1-137,text,true,,231,156,121,121,http://localhost:8080/?token=468606778&user=2023800600&conf=1,6518,0,0
1665562111142,6510,Conf#1 Request,200,OK,Conf#1 1-138,text,true,,231,156,114,114,http://localhost:8080/?token=468606778&user=2023800600&conf=1,6510,0,0
1665562111158,6494,Conf#1 Request,200,OK,Conf#1 1-140,text,true,,231,156,114,114,http://localhost:8080/?token=468606778&user=2023800600&conf=1,6494,0,0
1665562111163,6489,Conf#1 Request,200,OK,Conf#1 1-141,text,true,,231,156,114,114,http://localhost:8080/?token=468606778&user=2023800600&conf=1,6489,0,0
1665562111174,6478,Conf#1 Request,200,OK,Conf#1 1-142,text,true,,231,156,114,114,http://localhost:8080/?token=468606778&user=2023800600&conf=1,6478,0,0
1665562111182,6471,Conf#1 Request,200,OK,Conf#1 1-143,text,true,,231,156,114,114,http://localhost:8080/?token=468606778&user=2023800600&conf=1,6471,0,0
1665562111189,6464,Conf#1 Request,200,OK,Conf#1 1-144,text,true,,231,156,114,114,http://localhost:8080/?token=468606778&user=2023800600&conf=1,6464,0,0
1665562111198,6455,Conf#1 Request,200,OK,Conf#1 1-145,text,true,,231,156,114,114,http://localhost:8080/?token=468606778&user=2023800600&conf=1,6455,0,0
1665562111214,6439,Conf#1 Request,200,OK,Conf#1 1-147,text,true,,231,156,113,113,http://localhost:8080/?token=468606778&user=2023800600&conf=1,6439,0,0
1665562111204,6449,Conf#1 Request,200,OK,Conf#1 1-146,text,true,,231,156,112,112,http://localhost:8080/?token=468606778&user=2023800600&conf=1,6449,0,0
1665562111222,6431,Conf#1 Request,200,OK,Conf#1 1-148,text,true,,231,156,112,112,http://localhost:8080/?token=468606778&user=2023800600&conf=1,6431,0,0
1665562111230,6423,Conf#1 Request,200,OK,Conf#1 1-149,text,true,,231,156,111,111,http://localhost:8080/?token=468606778&user=2023800600&conf=1,6423,0,0
1665562111238,6415,Conf#1 Request,200,OK,Conf#1 1-150,text,true,,231,156,110,110,http://localhost:8080/?token=468606778&user=2023800600&conf=1,6415,0,0
1665562111246,6407,Conf#1 Request,200,OK,Conf#1 1-151,text,true,,231,156,109,109,http://localhost:8080/?token=468606778&user=2023800600&conf=1,6407,0,0
1665562111254,6399,Conf#1 Request,200,OK,Conf#1 1-152,text,true,,231,156,109,109,http://localhost:8080/?token=468606778&user=2023800600&conf=1,6399,0,0
1665562111270,6383,Conf#1 Request,200,OK,Conf#1 1-154,text,true,,231,156,108,108,http://localhost:8080/?token=468606778&user=2023800600&conf=1,6383,0,0
1665562111262,6391,Conf#1 Request,200,OK,Conf#1 1-153,text,true,,231,156,108,108,http://localhost:8080/?token=468606778&user=2023800600&conf=1,6391,0,0
1665562111279,6374,Conf#1 Request,200,OK,Conf#1 1-155,text,true,,231,156,108,108,http://localhost:8080/?token=468606778&user=2023800600&conf=1,6374,0,0
1665562111287,6366,Conf#1 Request,200,OK,Conf#1 1-156,text,true,,231,156,108,108,http://localhost:8080/?token=468606778&user=2023800600&conf=1,6366,0,0
1665562111294,6359,Conf#1 Request,200,OK,Conf#1 1-157,text,true,,231,156,108,108,http://localhost:8080/?token=468606778&user=2023800600&conf=1,6359,0,1
1665562111302,6351,Conf#1 Request,200,OK,Conf#1 1-158,text,true,,231,156,107,107,http://localhost:8080/?token=468606778&user=2023800600&conf=1,6351,0,1
1665562111310,6343,Conf#1 Request,200,OK,Conf#1 1-159,text,true,,231,156,107,107,http://localhost:8080/?token=468606778&user=2023800600&conf=1,6343,0,1
1665562111318,6335,Conf#1 Request,200,OK,Conf#1 1-160,text,true,,231,156,107,107,http://localhost:8080/?token=468606778&user=2023800600&conf=1,6335,0,1
1665562111321,6332,Conf#1 Request,200,OK,Conf#1 1-161,text,true,,231,156,107,107,http://localhost:8080/?token=468606778&user=2023800600&conf=1,6332,0,1
1665562111333,6320,Conf#1 Request,200,OK,Conf#1 1-162,text,true,,231,156,106,106,http://localhost:8080/?token=468606778&user=2023800600&conf=1,6320,0,1
1665562111339,6314,Conf#1 Request,200,OK,Conf#1 1-163,text,true,,231,156,105,105,http://localhost:8080/?token=468606778&user=2023800600&conf=1,6314,0,0
1665562111390,6266,Conf#1 Request,200,OK,Conf#1 1-169,text,true,,231,156,104,104,http://localhost:8080/?token=468606778&user=2023800600&conf=1,6266,0,0
1665562111382,6275,Conf#1 Request,200,OK,Conf#1 1-168,text,true,,231,156,104,104,http://localhost:8080/?token=468606778&user=2023800600&conf=1,6275,0,0
1665562111373,6283,Conf#1 Request,200,OK,Conf#1 1-167,text,true,,231,156,104,104,http://localhost:8080/?token=468606778&user=2023800600&conf=1,6283,0,1
1665562111150,6502,Conf#1 Request,200,OK,Conf#1 1-139,text,true,,231,156,114,114,http://localhost:8080/?token=468606778&user=2023800600&conf=1,6502,0,0
1665562111414,6242,Conf#1 Request,200,OK,Conf#1 1-172,text,true,,231,156,104,104,http://localhost:8080/?token=468606778&user=2023800600&conf=1,6242,0,0
1665562111350,6303,Conf#1 Request,200,OK,Conf#1 1-164,text,true,,231,156,105,105,http://localhost:8080/?token=468606778&user=2023800600&conf=1,6303,0,0
1665562111406,6250,Conf#1 Request,200,OK,Conf#1 1-171,text,true,,231,156,104,104,http://localhost:8080/?token=468606778&user=2023800600&conf=1,6250,0,1
1665562111398,6258,Conf#1 Request,200,OK,Conf#1 1-170,text,true,,231,156,104,104,http://localhost:8080/?token=468606778&user=2023800600&conf=1,6258,0,0
1665562111357,6297,Conf#1 Request,200,OK,Conf#1 1-165,text,true,,231,156,104,104,http://localhost:8080/?token=468606778&user=2023800600&conf=1,6297,0,1
1665562111362,6294,Conf#1 Request,200,OK,Conf#1 1-166,text,true,,231,156,104,104,http://localhost:8080/?token=468606778&user=2023800600&conf=1,6294,0,1
1665562111430,6226,Conf#1 Request,200,OK,Conf#1 1-174,text,true,,231,156,104,104,http://localhost:8080/?token=468606778&user=2023800600&conf=1,6226,0,0
1665562111418,6238,Conf#1 Request,200,OK,Conf#1 1-173,text,true,,231,156,104,104,http://localhost:8080/?token=468606778&user=2023800600&conf=1,6238,0,0
1665562111436,6220,Conf#1 Request,200,OK,Conf#1 1-175,text,true,,231,156,104,104,http://localhost:8080/?token=468606778&user=2023800600&conf=1,6220,0,0
1665562111455,6200,Conf#1 Request,200,OK,Conf#1 1-177,text,true,,231,156,104,104,http://localhost:8080/?token=468606778&user=2023800600&conf=1,6200,0,0
1665562111457,6199,Conf#1 Request,200,OK,Conf#1 1-178,text,true,,231,156,104,104,http://localhost:8080/?token=468606778&user=2023800600&conf=1,6199,0,0
1665562111445,6211,Conf#1 Request,200,OK,Conf#1 1-176,text,true,,231,156,104,104,http://localhost:8080/?token=468606778&user=2023800600&conf=1,6211,0,1
1665562111478,6177,Conf#1 Request,200,OK,Conf#1 1-180,text,true,,231,156,104,104,http://localhost:8080/?token=468606778&user=2023800600&conf=1,6177,0,0
1665562111740,5915,Conf#1 Request,200,OK,Conf#1 1-213,text,true,,231,156,104,104,http://localhost:8080/?token=468606778&user=2023800600&conf=1,5915,0,1
1665562111618,6037,Conf#1 Request,200,OK,Conf#1 1-198,text,true,,231,156,104,104,http://localhost:8080/?token=468606778&user=2023800600&conf=1,6037,0,0
1665562111717,5938,Conf#1 Request,200,OK,Conf#1 1-210,text,true,,231,156,104,104,http://localhost:8080/?token=468606778&user=2023800600&conf=1,5938,0,0
1665562111465,6190,Conf#1 Request,200,OK,Conf#1 1-179,text,true,,231,156,104,104,http://localhost:8080/?token=468606778&user=2023800600&conf=1,6190,0,0
1665562111734,5921,Conf#1 Request,200,OK,Conf#1 1-212,text,true,,231,156,104,104,http://localhost:8080/?token=468606778&user=2023800600&conf=1,5921,0,0
1665562111485,6170,Conf#1 Request,200,OK,Conf#1 1-181,text,true,,231,156,104,104,http://localhost:8080/?token=468606778&user=2023800600&conf=1,6170,0,1
1665562111694,5961,Conf#1 Request,200,OK,Conf#1 1-207,text,true,,231,156,104,104,http://localhost:8080/?token=468606778&user=2023800600&conf=1,5961,0,1
1665562111605,6050,Conf#1 Request,200,OK,Conf#1 1-196,text,true,,231,156,104,104,http://localhost:8080/?token=468606778&user=2023800600&conf=1,6050,0,0
1665562111614,6041,Conf#1 Request,200,OK,Conf#1 1-197,text,true,,231,156,104,104,http://localhost:8080/?token=468606778&user=2023800600&conf=1,6041,0,1
1665562111575,6086,Conf#1 Request,200,OK,Conf#1 1-192,text,true,,231,156,81,81,http://localhost:8080/?token=468606778&user=2023800600&conf=1,6086,0,1
1665562111567,6088,Conf#1 Request,200,OK,Conf#1 1-191,text,true,,231,156,104,104,http://localhost:8080/?token=468606778&user=2023800600&conf=1,6088,0,0
1665562111541,6113,Conf#1 Request,200,OK,Conf#1 1-188,text,true,,231,156,104,104,http://localhost:8080/?token=468606778&user=2023800600&conf=1,6113,0,1
1665562111558,6097,Conf#1 Request,200,OK,Conf#1 1-190,text,true,,231,156,104,104,http://localhost:8080/?token=468606778&user=2023800600&conf=1,6097,0,0
1665562111534,6120,Conf#1 Request,200,OK,Conf#1 1-187,text,true,,231,156,104,104,http://localhost:8080/?token=468606778&user=2023800600&conf=1,6120,0,0
1665562111509,6145,Conf#1 Request,200,OK,Conf#1 1-184,text,true,,231,156,104,104,http://localhost:8080/?token=468606778&user=2023800600&conf=1,6145,0,1
1665562111523,6131,Conf#1 Request,200,OK,Conf#1 1-186,text,true,,231,156,104,104,http://localhost:8080/?token=468606778&user=2023800600&conf=1,6131,0,1
1665562111547,6107,Conf#1 Request,200,OK,Conf#1 1-189,text,true,,231,156,104,104,http://localhost:8080/?token=468606778&user=2023800600&conf=1,6107,0,0
1665562111854,5809,Conf#1 Request,500,Internal Server Error,Conf#1 1-227,text,false,,233,156,69,69,http://localhost:8080/?token=468606778&user=2023800600&conf=1,5802,0,0
1665562111801,5860,Conf#1 Request,500,Internal Server Error,Conf#1 1-221,text,false,,233,156,69,69,http://localhost:8080/?token=468606778&user=2023800600&conf=1,5855,0,1
1665562111798,5865,Conf#1 Request,500,Internal Server Error,Conf#1 1-220,text,false,,233,156,69,69,http://localhost:8080/?token=468606778&user=2023800600&conf=1,5858,0,0
1665562111829,5834,Conf#1 Request,500,Internal Server Error,Conf#1 1-224,text,false,,233,156,69,69,http://localhost:8080/?token=468606778&user=2023800600&conf=1,5827,0,1
1665562111502,6152,Conf#1 Request,200,OK,Conf#1 1-183,text,true,,231,156,104,104,http://localhost:8080/?token=468606778&user=2023800600&conf=1,6152,0,0
1665562111835,5826,Conf#1 Request,500,Internal Server Error,Conf#1 1-225,text,false,,233,156,69,68,http://localhost:8080/?token=468606778&user=2023800600&conf=1,5821,0,1
1665562111846,5816,Conf#1 Request,500,Internal Server Error,Conf#1 1-226,text,false,,233,156,68,68,http://localhost:8080/?token=468606778&user=2023800600&conf=1,5810,0,0
1665562111821,5840,Conf#1 Request,500,Internal Server Error,Conf#1 1-223,text,false,,233,156,68,68,http://localhost:8080/?token=468606778&user=2023800600&conf=1,5835,0,1
1665562111886,5778,Conf#1 Request,500,Internal Server Error,Conf#1 1-231,text,false,,233,156,68,68,http://localhost:8080/?token=468606778&user=2023800600&conf=1,5770,0,0
1665562111494,6160,Conf#1 Request,200,OK,Conf#1 1-182,text,true,,231,156,104,104,http://localhost:8080/?token=468606778&user=2023800600&conf=1,6160,0,0
1665562111871,5792,Conf#1 Request,500,Internal Server Error,Conf#1 1-229,text,false,,233,156,68,68,http://localhost:8080/?token=468606778&user=2023800600&conf=1,5785,0,0
1665562111814,5847,Conf#1 Request,500,Internal Server Error,Conf#1 1-222,text,false,,233,156,67,67,http://localhost:8080/?token=468606778&user=2023800600&conf=1,5842,0,1
1665562112014,5649,Conf#1 Request,500,Internal Server Error,Conf#1 1-247,text,false,,233,156,67,67,http://localhost:8080/?token=468606778&user=2023800600&conf=1,5642,0,0
1665562111901,5763,Conf#1 Request,500,Internal Server Error,Conf#1 1-233,text,false,,233,156,66,66,http://localhost:8080/?token=468606778&user=2023800600&conf=1,5755,0,0
1665562111934,5723,Conf#1 Request,500,Internal Server Error,Conf#1 1-237,text,false,,233,156,65,65,http://localhost:8080/?token=468606778&user=2023800600&conf=1,5720,0,0
1665562111518,6136,Conf#1 Request,200,OK,Conf#1 1-185,text,true,,231,156,104,104,http://localhost:8080/?token=468606778&user=2023800600&conf=1,6136,0,0
1665562111893,5771,Conf#1 Request,500,Internal Server Error,Conf#1 1-232,text,false,,233,156,63,63,http://localhost:8080/?token=468606778&user=2023800600&conf=1,5763,0,0
1665562111998,5663,Conf#1 Request,500,Internal Server Error,Conf#1 1-245,text,false,,233,156,63,63,http://localhost:8080/?token=468606778&user=2023800600&conf=1,5659,0,0
1665562111878,5785,Conf#1 Request,500,Internal Server Error,Conf#1 1-230,text,false,,233,156,69,69,http://localhost:8080/?token=468606778&user=2023800600&conf=1,5778,0,0
1665562111950,5711,Conf#1 Request,500,Internal Server Error,Conf#1 1-239,text,false,,233,156,60,60,http://localhost:8080/?token=468606778&user=2023800600&conf=1,5707,0,0
1665562111942,5716,Conf#1 Request,500,Internal Server Error,Conf#1 1-238,text,false,,233,156,60,60,http://localhost:8080/?token=468606778&user=2023800600&conf=1,5714,0,0
1665562111585,6076,Conf#1 Request,200,OK,Conf#1 1-194,text,true,,231,156,81,81,http://localhost:8080/?token=468606778&user=2023800600&conf=1,6076,0,1
1665562111862,5801,Conf#1 Request,500,Internal Server Error,Conf#1 1-228,text,false,,233,156,62,62,http://localhost:8080/?token=468606778&user=2023800600&conf=1,5794,0,0
1665562111917,5747,Conf#1 Request,500,Internal Server Error,Conf#1 1-235,text,false,,233,156,59,59,http://localhost:8080/?token=468606778&user=2023800600&conf=1,5739,0,0
1665562111578,6083,Conf#1 Request,200,OK,Conf#1 1-193,text,true,,231,156,81,81,http://localhost:8080/?token=468606778&user=2023800600&conf=1,6083,0,1
1665562111990,5668,Conf#1 Request,500,Internal Server Error,Conf#1 1-244,text,false,,233,156,57,57,http://localhost:8080/?token=468606778&user=2023800600&conf=1,5664,0,0
1665562111631,6030,Conf#1 Request,200,OK,Conf#1 1-199,text,true,,231,156,81,81,http://localhost:8080/?token=468606778&user=2023800600&conf=1,6030,0,0
1665562112030,5628,Conf#1 Request,500,Internal Server Error,Conf#1 1-249,text,false,,233,156,54,54,http://localhost:8080/?token=468606778&user=2023800600&conf=1,5624,0,0
1665562112022,5636,Conf#1 Request,500,Internal Server Error,Conf#1 1-248,text,false,,233,156,53,53,http://localhost:8080/?token=468606778&user=2023800600&conf=1,5632,0,0
1665562111594,6067,Conf#1 Request,200,OK,Conf#1 1-195,text,true,,231,156,81,81,http://localhost:8080/?token=468606778&user=2023800600&conf=1,6067,0,0
1665562112038,5619,Conf#1 Request,500,Internal Server Error,Conf#1 1-250,text,false,,233,156,51,51,http://localhost:8080/?token=468606778&user=2023800600&conf=1,5616,0,0
1665562111635,6025,Conf#1 Request,200,OK,Conf#1 1-200,text,true,,231,156,81,81,http://localhost:8080/?token=468606778&user=2023800600&conf=1,6025,0,0
1665562111922,5735,Conf#1 Request,500,Internal Server Error,Conf#1 1-236,text,false,,233,156,50,50,http://localhost:8080/?token=468606778&user=2023800600&conf=1,5734,0,0
1665562111910,5747,Conf#1 Request,500,Internal Server Error,Conf#1 1-234,text,false,,233,156,48,48,http://localhost:8080/?token=468606778&user=2023800600&conf=1,5743,0,0
1665562111981,5676,Conf#1 Request,500,Internal Server Error,Conf#1 1-243,text,false,,233,156,47,47,http://localhost:8080/?token=468606778&user=2023800600&conf=1,5675,0,0
1665562111750,5910,Conf#1 Request,200,OK,Conf#1 1-214,text,true,,231,156,81,81,http://localhost:8080/?token=468606778&user=2023800600&conf=1,5910,0,0
1665562111646,6014,Conf#1 Request,200,OK,Conf#1 1-201,text,true,,231,156,81,81,http://localhost:8080/?token=468606778&user=2023800600&conf=1,6014,0,0
1665562111958,5699,Conf#1 Request,500,Internal Server Error,Conf#1 1-240,text,false,,233,156,45,45,http://localhost:8080/?token=468606778&user=2023800600&conf=1,5698,0,0
1665562111974,5683,Conf#1 Request,500,Internal Server Error,Conf#1 1-242,text,false,,233,156,45,45,http://localhost:8080/?token=468606778&user=2023800600&conf=1,5680,0,0
1665562111678,5982,Conf#1 Request,200,OK,Conf#1 1-205,text,true,,231,156,81,81,http://localhost:8080/?token=468606778&user=2023800600&conf=1,5982,0,1
1665562111685,5975,Conf#1 Request,200,OK,Conf#1 1-206,text,true,,231,156,81,81,http://localhost:8080/?token=468606778&user=2023800600&conf=1,5975,0,1
1665562111654,6006,Conf#1 Request,200,OK,Conf#1 1-202,text,true,,231,156,81,81,http://localhost:8080/?token=468606778&user=2023800600&conf=1,6006,0,1
1665562111671,5989,Conf#1 Request,200,OK,Conf#1 1-204,text,true,,231,156,81,81,http://localhost:8080/?token=468606778&user=2023800600&conf=1,5989,0,0
1665562111702,5958,Conf#1 Request,200,OK,Conf#1 1-208,text,true,,231,156,81,81,http://localhost:8080/?token=468606778&user=2023800600&conf=1,5958,0,1
1665562111761,5899,Conf#1 Request,200,OK,Conf#1 1-216,text,true,,231,156,81,81,http://localhost:8080/?token=468606778&user=2023800600&conf=1,5899,0,1
1665562111662,5998,Conf#1 Request,200,OK,Conf#1 1-203,text,true,,231,156,81,81,http://localhost:8080/?token=468606778&user=2023800600&conf=1,5998,0,0
1665562111710,5950,Conf#1 Request,200,OK,Conf#1 1-209,text,true,,231,156,81,81,http://localhost:8080/?token=468606778&user=2023800600&conf=1,5950,0,0
1665562111782,5878,Conf#1 Request,200,OK,Conf#1 1-218,text,true,,231,156,81,81,http://localhost:8080/?token=468606778&user=2023800600&conf=1,5878,0,1
1665562111726,5934,Conf#1 Request,200,OK,Conf#1 1-211,text,true,,231,156,81,81,http://localhost:8080/?token=468606778&user=2023800600&conf=1,5934,0,1
1665562111774,5886,Conf#1 Request,200,OK,Conf#1 1-217,text,true,,231,156,81,81,http://localhost:8080/?token=468606778&user=2023800600&conf=1,5886,0,0
1665562111789,5871,Conf#1 Request,200,OK,Conf#1 1-219,text,true,,231,156,81,81,http://localhost:8080/?token=468606778&user=2023800600&conf=1,5871,0,0
1665562111758,5902,Conf#1 Request,200,OK,Conf#1 1-215,text,true,,231,156,81,81,http://localhost:8080/?token=468606778&user=2023800600&conf=1,5902,0,0
1665562111966,5691,Conf#1 Request,500,Internal Server Error,Conf#1 1-241,text,false,,233,156,49,49,http://localhost:8080/?token=468606778&user=2023800600&conf=1,5690,0,0
1665562112007,5651,Conf#1 Request,500,Internal Server Error,Conf#1 1-246,text,false,,233,156,52,52,http://localhost:8080/?token=468606778&user=2023800600&conf=1,5647,0,0
